0,0,4
0,1,5
0,2,4
0,3,1
0,4,4
0,5,0
0,6,4
0,7,0
0,8,2
0,9,0
1,0,0
1,1,0
1,2,0
1,3,0
1,4,0
1,5,0
1,6,0
1,7,0
1,8,0
1,9,0
7,1,0
7,2,4
7,4,3
7,6,3
7,10,0
7,11,0
7,12,1
7,13,4
7,14,4
7,15,4
8,0,0
8,1,0
8,3,0
8,4,0
8,6,0
8,7,0
8,10,0
8,16,0
8,17,0
8,18,0
9,0,0
9,1,0
9,3,0
9,4,0
9,6,0
9,7,0
9,10,0
9,16,0
9,17,0
9,18,0
13,0,4
13,1,4
13,2,4
13,3,4
13,4,4
13,6,4
13,8,4
13,19,4
13,20,3
13,21,4
15,0,1
15,1,1
15,2,1
15,3,1
15,4,5
15,6,1
15,8,1
15,19,1
15,20,1
15,21,2
16,0,4
16,1,4
16,3,4
16,4,4
16,6,4
16,8,4
16,12,4
16,14,4
16,19,4
16,22,4
17,0,3
17,1,1
17,3,0
17,4,1
17,6,0
17,8,4
17,12,1
17,14,1
17,19,2
17,22,5
20,0,4
20,1,2
20,2,0
20,3,1
20,6,0
20,7,4
20,8,1
20,17,4
20,23,5
20,24,0
22,0,4
22,1,4
22,2,5
22,3,4
22,6,4
22,7,0
22,8,4
22,17,5
22,23,5
22,24,0
23,0,4
23,1,1
23,2,4
23,3,4
23,6,1
23,7,4
23,8,4
23,17,4
23,23,4
23,24,2
26,0,1
26,1,1
26,4,1
26,6,4
26,7,0
26,15,4
26,18,4
26,25,0
26,26,0
26,27,1
28,0,0
28,1,0
28,2,0
28,3,0
28,4,4
28,6,2
28,7,0
28,8,0
28,10,0
28,28,0
29,0,3
29,1,3
29,2,1
29,3,3
29,4,3
29,6,3
29,7,3
29,8,2
29,10,1
29,28,3
32,0,0
32,1,0
32,2,0
32,3,0
32,4,0
32,6,0
32,8,0
32,9,0
32,16,0
32,25,0
33,0,0
33,1,0
33,2,0
33,3,0
33,4,5
33,6,0
33,8,0
33,9,0
33,16,0
33,25,5
35,0,4
35,1,4
35,2,1
35,3,1
35,4,1
35,6,5
35,8,1
35,9,4
35,16,1
35,25,3
36,0,4
36,1,4
36,2,5
36,3,1
36,4,1
36,6,4
36,12,2
36,14,4
36,20,4
36,21,3
37,0,1
37,1,0
37,2,4
37,3,4
37,4,4
37,6,0
37,12,2
37,14,0
37,20,2
37,21,4
40,0,0
40,1,0
40,3,0
40,4,0
40,6,0
40,7,1
40,8,0
40,12,3
40,20,0
40,29,2
42,0,0
42,1,0
42,3,0
42,4,0
42,6,0
42,7,0
42,8,0
42,12,0
42,20,0
42,29,0
43,0,3
43,1,3
43,3,3
43,4,5
43,6,3
43,7,3
43,8,3
43,12,1
43,20,4
43,29,3
48,1,4
48,2,4
48,4,4
48,6,4
48,7,4
48,8,4
48,13,4
48,32,4
48,33,4
48,34,1
49,1,1
49,2,0
49,4,4
49,6,1
49,7,0
49,8,3
49,13,4
49,32,4
49,33,5
49,34,0
51,1,4
51,2,4
51,4,4
51,6,4
51,7,4
51,8,0
51,13,4
51,32,4
51,33,4
51,34,4
52,0,0
52,1,5
52,2,0
52,3,0
52,4,0
52,6,0
52,7,0
52,8,0
52,12,4
52,23,2
53,0,2
53,1,5
53,2,4
53,3,0
53,4,4
53,6,1
53,7,4
53,8,2
53,12,4
53,23,0
55,0,1
55,1,3
55,2,3
55,3,1
55,4,5
55,6,1
55,7,3
55,8,3
55,12,3
55,23,3
57,1,4
57,2,4
57,3,4
57,4,0
57,6,4
57,8,4
57,9,4
57,12,4
57,26,4
57,35,4
60,0,4
60,1,4
60,2,4
60,3,4
60,6,4
60,8,4
60,23,4
60,28,4
60,36,4
60,37,4
63,0,4
63,1,4
63,2,4
63,3,4
63,6,5
63,8,4
63,23,3
63,28,4
63,36,1
63,37,0
65,0,5
65,1,3
65,3,1
65,6,0
65,8,1
65,20,3
65,21,3
65,37,2
65,38,5
65,39,2
66,0,3
66,1,3
66,3,3
66,6,3
66,8,3
66,20,1
66,21,3
66,37,2
66,38,3
66,39,3
67,0,0
67,1,0
67,3,0
67,6,0
67,8,0
67,20,0
67,21,0
67,37,1
67,38,0
67,39,4
70,1,4
70,2,5
70,6,5
70,8,5
70,12,4
70,13,3
70,20,0
70,24,2
70,40,5
70,41,5
71,1,4
71,2,1
71,6,4
71,8,4
71,12,4
71,13,2
71,20,1
71,24,5
71,40,4
71,41,5
72,0,3
72,1,3
72,3,4
72,6,1
72,7,4
72,8,1
72,14,5
72,16,5
72,19,3
72,35,0
73,0,3
73,1,3
73,3,1
73,6,3
73,7,3
73,8,3
73,14,3
73,16,5
73,19,3
73,35,5
75,0,4
75,1,4
75,3,4
75,6,4
75,7,4
75,8,4
75,14,4
75,16,4
75,19,4
75,35,4
79,0,4
79,1,4
79,3,4
79,6,4
79,8,4
79,20,4
79,21,3
79,23,4
79,42,4
79,43,4
80,0,0
80,1,0
80,3,0
80,6,0
80,8,0
80,11,0
80,14,0
80,19,0
80,20,0
80,31,0
81,0,1
81,1,1
81,3,1
81,6,1
81,8,1
81,11,1
81,14,1
81,19,1
81,20,1
81,31,1
82,0,2
82,1,0
82,3,1
82,6,5
82,8,4
82,11,4
82,14,3
82,19,4
82,20,0
82,31,1
86,0,2
86,1,3
86,3,2
86,4,2
86,5,2
86,6,2
86,7,2
86,20,4
86,39,2
86,44,5
87,0,5
87,1,5
87,3,5
87,4,3
87,5,4
87,6,4
87,7,4
87,20,2
87,39,5
87,44,2
89,0,1
89,1,3
89,4,1
89,6,5
89,7,5
89,14,3
89,18,2
89,25,1
89,45,3
89,46,2
90,0,5
90,1,3
90,4,3
90,6,5
90,7,4
90,14,5
90,18,4
90,25,5
90,45,4
90,46,2
91,0,4
91,1,4
91,4,4
91,6,4
91,7,4
91,14,4
91,18,4
91,25,4
91,45,4
91,46,4
92,0,4
92,1,1
92,4,4
92,6,1
92,8,1
92,15,4
92,16,4
92,43,4
92,45,4
92,47,4
93,0,0
93,1,0
93,4,0
93,6,0
93,8,0
93,15,0
93,16,0
93,43,0
93,45,0
93,47,0
94,0,4
94,1,1
94,4,4
94,6,4
94,8,4
94,15,4
94,16,4
94,43,4
94,45,4
94,47,4
95,0,5
95,1,3
95,4,3
95,6,3
95,8,5
95,15,0
95,16,4
95,43,1
95,45,0
95,47,3
98,0,3
98,1,4
98,3,3
98,4,5
98,6,4
98,8,4
98,12,3
98,14,0
98,20,1
98,48,0
100,0,4
100,1,4
100,3,4
100,4,4
100,6,1
100,8,4
100,10,4
100,13,4
100,14,4
100,20,4
103,0,0
103,1,0
103,3,0
103,4,0
103,6,0
103,8,0
103,10,0
103,13,0
103,14,0
103,20,0
105,0,0
105,1,0
105,3,0
105,6,0
105,8,0
105,13,3
105,16,0
105,36,2
105,40,0
105,43,0
106,0,4
106,1,4
106,3,4
106,6,4
106,8,4
106,13,4
106,16,4
106,36,4
106,40,4
106,43,4
108,1,3
108,3,1
108,4,5
108,5,5
108,6,1
108,10,1
108,13,5
108,15,4
108,18,3
108,36,0
109,1,3
109,3,1
109,4,0
109,5,2
109,6,2
109,10,0
109,13,1
109,15,5
109,18,0
109,36,0
110,1,0
110,3,0
110,4,0
110,5,2
110,6,0
110,10,0
110,13,0
110,15,0
110,18,0
110,36,0
111,1,3
111,3,0
111,4,1
111,5,4
111,6,1
111,10,4
111,13,1
111,15,4
111,18,0
111,36,4
114,0,0
114,1,0
114,2,0
114,3,0
114,6,0
114,8,0
114,20,0
114,21,0
114,49,2
114,50,5
115,0,1
115,1,5
115,2,3
115,3,0
115,6,3
115,8,5
115,20,0
115,21,3
115,49,3
115,50,3
117,0,0
117,2,0
117,3,0
117,6,0
117,10,0
117,12,0
117,14,0
117,20,2
117,21,0
117,37,0
118,0,0
118,2,0
118,3,0
118,6,0
118,10,0
118,12,0
118,14,0
118,20,0
118,21,0
118,37,0
122,0,4
122,1,4
122,3,4
122,6,4
122,7,4
122,8,4
122,14,4
122,25,1
122,26,4
122,51,4
123,0,4
123,1,4
123,3,0
123,6,4
123,7,3
123,8,4
123,14,4
123,25,3
123,26,4
123,51,4
126,0,5
126,1,1
126,2,5
126,3,4
126,6,2
126,7,5
126,8,5
126,14,4
126,20,5
126,44,5
127,0,0
127,1,0
127,2,0
127,3,0
127,6,0
127,7,0
127,8,0
127,14,1
127,20,0
127,44,0
128,1,4
128,2,4
128,3,4
128,4,4
128,6,4
128,9,4
128,12,4
128,24,4
128,29,4
128,52,4
130,1,0
130,2,0
130,3,0
130,4,0
130,6,0
130,9,0
130,12,2
130,24,0
130,29,0
130,52,0
131,1,4
131,2,4
131,3,4
131,4,4
131,6,4
131,9,4
131,12,4
131,24,4
131,29,4
131,52,4
133,0,0
133,1,0
133,3,0
133,5,0
133,6,0
133,8,0
133,12,0
133,25,0
133,29,0
133,45,0
135,0,1
135,1,5
135,3,1
135,5,1
135,6,1
135,8,4
135,12,1
135,25,1
135,29,2
135,45,1
137,0,1
137,1,1
137,2,1
137,3,1
137,6,1
137,8,1
137,9,1
137,11,1
137,18,1
137,20,1
138,0,3
138,1,3
138,2,1
138,3,3
138,6,3
138,8,3
138,9,5
138,11,3
138,18,3
138,20,5
140,0,0
140,1,2
140,2,4
140,3,3
140,6,3
140,8,0
140,14,2
140,32,1
140,36,4
140,53,2
145,1,0
145,3,0
145,4,0
145,6,0
145,8,0
145,12,0
145,14,0
145,19,0
145,20,0
145,39,0
146,1,4
146,3,4
146,4,4
146,6,4
146,8,4
146,12,4
146,14,4
146,19,4
146,20,4
146,39,4
149,0,0
149,1,0
149,3,0
149,4,0
149,6,0
149,8,0
149,9,0
149,14,0
149,16,0
149,32,0
150,0,5
150,1,4
150,3,4
150,4,3
150,6,1
150,8,4
150,9,2
150,14,2
150,16,4
150,32,1
151,0,4
151,1,4
151,3,0
151,4,4
151,6,4
151,8,4
151,9,4
151,14,4
151,16,0
151,32,1
152,0,0
152,1,1
152,4,2
152,6,5
152,8,0
152,9,4
152,13,0
152,14,2
152,15,4
152,19,4
153,0,2
153,1,3
153,4,1
153,6,1
153,8,0
153,9,2
153,13,5
153,14,2
153,15,0
153,19,0
155,0,4
155,1,4
155,4,4
155,6,1
155,8,4
155,9,4
155,13,4
155,14,4
155,15,4
155,19,4
158,1,0
158,3,0
158,6,0
158,8,0
158,10,0
158,15,0
158,20,0
158,23,0
158,54,0
158,55,0
160,0,0
160,1,2
160,2,0
160,4,0
160,6,0
160,8,0
160,10,0
160,14,0
160,18,0
160,56,1
161,0,1
161,1,4
161,2,2
161,4,4
161,6,5
161,8,3
161,10,0
161,14,3
161,18,0
161,56,4
163,0,4
163,1,0
163,2,0
163,4,0
163,6,0
163,8,0
163,10,0
163,14,0
163,18,0
163,56,0
164,0,4
164,1,4
164,2,4
164,3,4
164,4,4
164,6,4
164,8,4
164,20,4
164,24,4
164,49,1
165,0,0
165,1,0
165,2,0
165,3,0
165,4,0
165,6,0
165,8,0
165,20,0
165,24,0
165,49,0
166,0,0
166,1,0
166,2,0
166,3,0
166,4,0
166,6,0
166,8,0
166,20,0
166,24,0
166,49,5
167,0,4
167,1,0
167,2,0
167,3,4
167,4,4
167,6,1
167,8,4
167,20,4
167,24,5
167,49,4
168,0,1
168,1,3
168,2,1
168,3,3
168,4,5
168,5,4
168,6,3
168,8,0
168,19,3
168,20,3
169,0,2
169,1,1
169,2,5
169,3,0
169,4,1
169,5,2
169,6,5
169,8,3
169,19,3
169,20,5
171,0,1
171,1,1
171,2,1
171,3,1
171,4,1
171,5,4
171,6,1
171,8,1
171,19,1
171,20,1
175,0,2
175,1,1
175,3,2
175,4,2
175,6,2
175,8,1
175,9,0
175,20,2
175,51,2
175,54,2
177,0,4
177,1,1
177,3,4
177,4,0
177,6,5
177,16,4
177,20,1
177,21,4
177,57,1
177,58,1
182,0,0
182,1,1
182,3,0
182,4,1
182,6,0
182,16,0
182,23,0
182,25,0
182,45,0
182,58,0
184,0,2
184,1,3
184,3,2
184,4,2
184,6,2
184,8,1
184,20,2
184,21,2
184,36,2
184,37,2
185,0,0
185,1,4
185,3,3
185,4,3
185,6,5
185,8,1
185,20,5
185,21,0
185,36,3
185,37,0
186,0,0
186,1,0
186,3,3
186,4,0
186,6,1
186,8,3
186,20,3
186,21,4
186,36,1
186,37,0
187,0,4
187,1,4
187,3,4
187,4,4
187,6,4
187,8,4
187,20,0
187,21,4
187,36,4
187,37,4
188,1,0
188,2,0
188,3,0
188,4,0
188,6,2
188,8,0
188,12,0
188,15,3
188,20,0
188,43,0
189,1,1
189,2,3
189,3,0
189,4,2
189,6,5
189,8,5
189,12,5
189,15,3
189,20,3
189,43,5
190,1,1
190,2,4
190,3,4
190,4,4
190,6,4
190,8,3
190,12,4
190,15,4
190,20,1
190,43,4
191,1,3
191,2,3
191,3,5
191,4,0
191,6,3
191,8,2
191,12,1
191,15,2
191,20,3
191,43,1
193,1,0
193,3,5
193,6,3
193,8,4
193,9,0
193,10,4
193,12,0
193,14,2
193,15,1
193,23,3
196,1,3
196,3,3
196,4,1
196,6,3
196,8,3
196,11,3
196,16,3
196,22,3
196,43,3
196,59,3
199,1,5
199,3,4
199,4,4
199,6,4
199,8,2
199,11,4
199,16,0
199,22,4
199,43,0
199,59,4
200,0,5
200,1,3
200,3,3
200,4,2
200,6,0
200,14,3
200,20,3
200,24,5
200,39,3
200,60,4
204,0,4
204,1,3
204,2,1
204,3,1
204,4,4
204,6,2
204,8,5
204,25,1
204,51,2
204,61,4
205,0,0
205,1,4
205,2,2
205,3,4
205,4,4
205,6,1
205,8,4
205,25,5
205,51,4
205,61,4
207,0,4
207,1,2
207,2,2
207,3,2
207,4,2
207,6,2
207,8,2
207,25,3
207,51,2
207,61,3
208,0,2
208,1,0
208,3,2
208,4,2
208,6,2
208,7,5
208,8,2
208,14,2
208,20,2
208,23,2
210,0,0
210,1,0
210,3,0
210,4,0
210,6,0
210,7,0
210,8,0
210,14,0
210,20,0
210,23,0
211,0,0
211,1,0
211,3,0
211,4,0
211,6,0
211,7,0
211,8,0
211,14,0
211,20,0
211,23,0
213,0,4
213,1,4
213,3,5
213,4,5
213,6,4
213,8,4
213,9,0
213,10,3
213,14,0
213,62,3
216,0,1
216,1,5
216,3,0
216,6,1
216,7,3
216,8,2
216,20,2
216,21,4
216,25,1
216,44,0
217,0,4
217,1,2
217,3,4
217,6,1
217,7,4
217,8,3
217,20,4
217,21,4
217,25,4
217,44,1
218,0,4
218,1,3
218,3,4
218,6,4
218,7,4
218,8,4
218,20,4
218,21,4
218,25,1
218,44,4
219,0,3
219,1,3
219,3,3
219,6,3
219,7,3
219,8,3
219,20,0
219,21,3
219,25,3
219,44,3
221,1,2
221,3,2
221,4,2
221,5,4
221,6,2
221,7,2
221,8,2
221,14,3
221,16,2
221,54,2
222,1,4
222,3,1
222,4,2
222,5,4
222,6,4
222,7,3
222,8,4
222,14,4
222,16,1
222,54,4
223,1,0
223,3,0
223,4,0
223,5,0
223,6,0
223,7,0
223,8,0
223,14,0
223,16,0
223,54,0
225,1,4
225,2,1
225,4,1
225,6,2
225,14,0
225,23,4
225,25,5
225,48,2
225,63,4
225,64,2
226,1,1
226,2,5
226,4,3
226,6,5
226,14,4
226,23,1
226,25,5
226,48,5
226,63,1
226,64,0
227,1,4
227,2,4
227,4,4
227,6,4
227,14,4
227,23,4
227,25,4
227,48,4
227,63,4
227,64,4
228,0,1
228,1,4
228,3,0
228,6,5
228,8,2
228,14,4
228,20,1
228,48,5
228,65,1
228,66,0
234,0,0
234,3,4
234,4,4
234,6,4
234,8,0
234,11,4
234,12,4
234,20,0
234,27,0
234,60,4
236,0,0
236,1,0
236,2,0
236,3,0
236,6,0
236,8,0
236,14,0
236,21,0
236,29,0
236,48,0
246,0,3
246,1,3
246,2,3
246,3,1
246,4,3
246,6,3
246,8,3
246,13,3
246,48,5
246,57,3
248,0,0
248,1,5
248,3,5
248,4,2
248,6,2
248,7,1
248,8,0
248,12,1
248,34,1
248,45,2
250,0,1
250,1,3
250,3,3
250,4,5
250,6,5
250,7,1
250,8,3
250,12,1
250,34,1
250,45,3
252,0,0
252,1,0
252,2,1
252,3,5
252,4,3
252,6,3
252,7,3
252,12,4
252,13,2
252,18,2
254,0,1
254,1,3
254,2,3
254,3,4
254,4,4
254,6,3
254,7,3
254,12,4
254,13,0
254,18,0
259,0,0
259,1,0
259,2,0
259,3,0
259,4,0
259,6,0
259,8,0
259,14,0
259,16,0
259,22,0
260,1,4
260,2,4
260,3,4
260,4,1
260,6,4
260,8,4
260,14,0
260,25,4
260,34,4
260,47,4
261,1,2
261,2,4
261,3,2
261,4,0
261,6,0
261,8,5
261,14,0
261,25,1
261,34,5
261,47,5
263,1,3
263,2,4
263,3,4
263,4,1
263,6,1
263,8,0
263,14,5
263,25,4
263,34,1
263,47,0
264,1,0
264,2,5
264,3,4
264,5,4
264,6,1
264,7,4
264,8,3
264,14,4
264,27,4
264,40,4
265,1,3
265,2,3
265,3,3
265,5,3
265,6,3
265,7,3
265,8,3
265,14,3
265,27,3
265,40,3
266,1,4
266,2,4
266,3,0
266,5,4
266,6,4
266,7,0
266,8,2
266,14,4
266,27,4
266,40,4
267,1,0
267,2,0
267,3,0
267,5,0
267,6,0
267,7,0
267,8,0
267,14,0
267,27,0
267,40,0
268,0,4
268,1,4
268,4,3
268,6,3
268,7,1
268,8,4
268,14,1
268,16,5
268,27,5
268,43,3
269,0,1
269,1,5
269,4,1
269,6,1
269,7,1
269,8,1
269,14,1
269,16,1
269,27,1
269,43,1
271,0,5
271,1,4
271,4,4
271,6,1
271,7,5
271,8,5
271,14,4
271,16,0
271,27,5
271,43,5
272,0,0
272,1,0
272,3,0
272,6,0
272,8,0
272,14,0
272,20,0
272,44,1
272,53,0
272,68,0
273,0,0
273,1,0
273,3,0
273,6,0
273,8,0
273,14,0
273,20,0
273,44,0
273,53,0
273,68,0
274,0,0
274,1,0
274,3,0
274,6,0
274,8,0
274,14,0
274,20,0
274,44,1
274,53,3
274,68,0
275,0,1
275,1,1
275,3,1
275,6,1
275,8,1
275,14,1
275,20,1
275,44,1
275,53,1
275,68,1
277,0,1
277,1,3
277,3,3
277,6,1
277,8,3
277,12,1
277,13,1
277,20,3
277,35,4
277,52,1
278,0,1
278,1,3
278,3,3
278,6,3
278,8,1
278,12,3
278,13,3
278,20,2
278,35,1
278,52,2
281,0,5
281,1,3
281,3,4
281,6,4
281,8,1
281,14,4
281,19,4
281,20,4
281,35,4
281,45,4
282,0,5
282,1,2
282,3,4
282,6,2
282,8,4
282,14,0
282,19,5
282,20,4
282,35,0
282,45,4
283,0,0
283,1,5
283,3,5
283,6,5
283,8,5
283,14,3
283,19,5
283,20,0
283,35,3
283,45,2
287,0,4
287,1,0
287,2,4
287,3,4
287,4,4
287,6,4
287,7,4
287,10,4
287,20,4
287,21,4
290,0,0
290,1,5
290,2,0
290,3,3
290,6,4
290,8,4
290,16,1
290,20,4
290,25,2
290,35,1
291,0,4
291,1,1
291,2,4
291,3,4
291,6,4
291,8,1
291,16,4
291,20,5
291,25,0
291,35,2
293,0,0
293,1,0
293,3,0
293,4,0
293,6,0
293,8,0
293,12,0
293,14,0
293,22,0
293,26,0
294,0,1
294,1,3
294,3,3
294,4,3
294,6,1
294,8,3
294,12,3
294,14,5
294,22,3
294,26,3
295,0,1
295,1,3
295,3,1
295,4,1
295,6,1
295,8,4
295,12,1
295,14,5
295,22,5
295,26,5
297,0,4
297,1,4
297,3,4
297,4,4
297,6,4
297,8,4
297,20,4
297,43,4
297,47,4
297,69,1
298,0,1
298,1,1
298,3,1
298,4,1
298,6,1
298,8,1
298,20,1
298,43,1
298,47,1
298,69,1
299,0,4
299,1,4
299,3,4
299,4,4
299,6,4
299,8,4
299,20,4
299,43,4
299,47,4
299,69,5
301,0,3
301,1,2
301,2,3
301,3,2
301,4,2
301,6,2
301,8,2
301,16,2
301,20,2
301,21,4
305,0,5
305,1,0
305,3,2
305,4,1
305,6,2
305,7,4
305,14,5
305,20,5
305,23,2
305,27,4
307,0,0
307,1,0
307,3,0
307,4,4
307,6,4
307,7,1
307,14,0
307,20,5
307,23,1
307,27,4
308,0,3
308,1,0
308,2,1
308,3,2
308,4,4
308,6,2
308,8,2
308,12,2
308,15,0
308,28,5
309,0,5
309,1,2
309,2,1
309,3,1
309,4,3
309,6,0
309,8,5
309,12,5
309,15,0
309,28,2
310,0,4
310,1,5
310,2,3
310,3,5
310,4,3
310,6,1
310,8,0
310,12,0
310,15,5
310,28,3
312,0,0
312,1,4
312,2,4
312,3,4
312,6,4
312,7,4
312,19,0
312,20,2
312,27,4
312,43,0
313,0,4
313,1,4
313,2,4
313,3,4
313,6,4
313,7,4
313,19,4
313,20,4
313,27,4
313,43,4
314,0,4
314,1,4
314,2,0
314,3,2
314,6,4
314,7,5
314,19,5
314,20,5
314,27,4
314,43,2
315,0,1
315,1,5
315,2,1
315,3,1
315,6,1
315,7,1
315,19,1
315,20,1
315,27,1
315,43,1
317,1,1
317,2,2
317,3,0
317,6,1
317,7,3
317,8,3
317,14,5
317,25,5
317,42,5
317,48,3
318,1,4
318,2,4
318,3,4
318,6,4
318,7,4
318,8,4
318,14,4
318,25,4
318,42,4
318,48,4
319,1,0
319,2,0
319,3,0
319,6,0
319,7,0
319,8,0
319,14,0
319,25,0
319,42,0
319,48,0
321,0,4
321,1,4
321,3,4
321,4,4
321,6,4
321,8,4
321,10,4
321,12,4
321,15,4
321,53,4
322,0,1
322,1,5
322,3,1
322,4,5
322,6,1
322,8,2
322,10,1
322,12,1
322,15,5
322,53,3
323,0,1
323,1,1
323,3,1
323,4,3
323,6,1
323,8,5
323,10,1
323,12,1
323,15,1
323,53,1
325,0,2
325,1,0
325,2,2
325,3,2
325,4,2
325,6,3
325,8,2
325,10,4
325,12,1
325,61,2
326,0,0
326,1,0
326,2,0
326,3,0
326,4,0
326,6,0
326,8,0
326,10,0
326,12,0
326,61,0
327,0,0
327,1,0
327,2,0
327,3,0
327,4,0
327,6,0
327,8,0
327,10,0
327,12,0
327,61,0
331,0,3
331,1,3
331,3,3
331,6,3
331,19,1
331,20,2
331,24,3
331,36,5
331,49,3
331,70,5
332,0,0
332,1,0
332,3,0
332,6,0
332,8,0
332,14,0
332,20,0
332,21,5
332,39,0
332,71,5
333,0,2
333,1,1
333,3,1
333,6,0
333,8,4
333,14,4
333,20,0
333,21,2
333,39,4
333,71,5
334,0,5
334,1,5
334,3,5
334,6,0
334,8,2
334,14,1
334,20,1
334,21,2
334,39,4
334,71,5
335,0,4
335,1,4
335,3,4
335,6,4
335,8,4
335,14,4
335,20,4
335,21,4
335,39,4
335,71,1
337,0,2
337,1,0
337,2,2
337,3,2
337,6,2
337,8,1
337,20,2
337,21,2
337,24,2
337,35,1
338,0,4
338,1,4
338,2,4
338,3,4
338,6,4
338,8,4
338,20,0
338,21,4
338,24,4
338,35,4
340,0,3
340,1,3
340,2,3
340,3,3
340,4,3
340,6,3
340,7,2
340,10,3
340,22,5
340,46,1
342,0,4
342,1,4
342,2,4
342,3,4
342,4,4
342,6,4
342,7,4
342,10,4
342,22,4
342,46,4
344,0,1
344,1,3
344,2,1
344,3,1
344,6,1
344,8,1
344,16,1
344,36,1
344,43,1
344,48,1
346,0,2
346,1,2
346,2,2
346,3,2
346,6,4
346,8,2
346,16,2
346,36,5
346,43,2
346,48,1
349,0,4
349,1,4
349,3,4
349,6,4
349,10,4
349,12,4
349,14,4
349,30,4
349,36,4
349,53,4
350,0,4
350,1,4
350,3,4
350,6,4
350,10,4
350,12,4
350,14,4
350,30,4
350,36,4
350,53,4
351,0,1
351,1,3
351,3,5
351,6,3
351,10,1
351,12,1
351,14,5
351,30,2
351,36,5
351,53,5
352,0,3
352,2,5
352,3,1
352,4,4
352,6,3
352,7,2
352,14,0
352,20,1
352,21,4
352,72,4
355,0,4
355,2,4
355,3,4
355,4,4
355,6,4
355,7,4
355,14,4
355,20,3
355,21,4
355,72,4
358,0,5
358,1,3
358,3,3
358,4,3
358,6,1
358,7,4
358,16,4
358,20,3
358,47,2
358,61,5
360,0,0
360,1,0
360,2,0
360,3,0
360,6,0
360,14,0
360,20,0
360,21,0
360,36,0
360,73,1
362,0,2
362,1,2
362,2,0
362,3,2
362,6,2
362,14,2
362,20,2
362,21,2
362,36,5
362,73,2
365,0,4
365,1,4
365,3,4
365,6,4
365,8,4
365,13,4
365,20,1
365,21,4
365,23,4
365,35,4
366,0,0
366,1,0
366,3,0
366,6,0
366,8,0
366,13,0
366,20,0
366,21,0
366,23,0
366,35,0
368,0,4
368,2,4
368,3,4
368,4,4
368,6,4
368,8,4
368,9,4
368,12,4
368,19,4
368,20,4
374,0,0
374,1,0
374,3,0
374,6,0
374,8,0
374,14,0
374,20,0
374,36,0
374,43,0
374,48,0
376,0,0
376,1,5
376,3,0
376,4,5
376,6,0
376,7,2
376,8,0
376,12,3
376,21,0
376,54,5
378,0,0
378,1,0
378,3,0
378,4,0
378,6,0
378,7,1
378,8,0
378,12,0
378,21,0
378,54,0
379,0,4
379,1,4
379,3,5
379,4,4
379,6,4
379,7,4
379,8,4
379,12,4
379,21,4
379,54,4
380,0,4
380,1,2
380,3,4
380,4,4
380,6,4
380,7,3
380,8,4
380,10,4
380,14,1
380,20,5
385,1,3
385,3,1
385,4,4
385,6,3
385,8,3
385,19,3
385,20,3
385,21,3
385,43,5
385,64,1
386,1,0
386,3,4
386,4,4
386,6,4
386,8,2
386,19,4
386,20,0
386,21,4
386,43,2
386,64,1
388,0,3
388,1,0
388,3,0
388,6,0
388,7,5
388,12,5
388,16,0
388,20,0
388,36,0
388,43,0
389,0,0
389,1,0
389,3,0
389,6,0
389,7,0
389,12,0
389,16,0
389,20,0
389,36,0
389,43,5
390,0,2
390,1,5
390,3,4
390,6,4
390,7,1
390,12,0
390,16,4
390,20,2
390,36,4
390,43,0
393,0,0
393,1,0
393,3,0
393,4,0
393,6,0
393,13,0
393,20,0
393,23,0
393,43,0
393,74,0
394,0,0
394,1,0
394,3,0
394,4,0
394,6,5
394,13,0
394,20,0
394,23,0
394,43,0
394,74,0
395,0,4
395,1,4
395,3,4
395,4,3
395,6,4
395,13,4
395,20,4
395,23,4
395,43,4
395,74,4
397,0,5
397,1,5
397,3,1
397,6,4
397,12,0
397,20,0
397,30,2
397,38,4
397,45,3
397,75,5
398,0,0
398,1,1
398,3,4
398,6,2
398,12,1
398,20,5
398,30,0
398,38,0
398,45,5
398,75,0
400,1,1
400,3,1
400,4,2
400,6,1
400,8,1
400,15,3
400,23,1
400,34,1
400,35,1
400,36,1
401,1,4
401,3,4
401,4,4
401,6,4
401,8,4
401,15,4
401,23,2
401,34,2
401,35,0
401,36,1
402,1,2
402,3,4
402,4,4
402,6,1
402,8,0
402,15,4
402,23,1
402,34,4
402,35,5
402,36,4
403,1,0
403,3,4
403,4,4
403,6,1
403,8,1
403,15,4
403,23,4
403,34,4
403,35,4
403,36,4
404,0,0
404,1,0
404,2,0
404,6,0
404,8,0
404,15,3
404,22,0
404,25,0
404,38,4
404,43,1
406,0,0
406,1,2
406,2,0
406,6,0
406,8,0
406,15,0
406,22,0
406,25,0
406,38,0
406,43,0
407,0,1
407,1,2
407,2,1
407,6,1
407,8,4
407,15,4
407,22,1
407,25,1
407,38,1
407,43,3
408,0,0
408,1,4
408,2,0
408,3,1
408,8,0
408,14,0
408,20,3
408,28,4
408,59,5
408,68,3
409,0,1
409,1,1
409,2,1
409,3,1
409,8,1
409,14,1
409,20,1
409,28,4
409,59,1
409,68,1
411,0,4
411,1,4
411,2,4
411,3,4
411,8,4
411,14,4
411,20,4
411,28,4
411,59,4
411,68,4
412,0,4
412,1,1
412,2,4
412,3,4
412,6,1
412,8,4
412,36,4
412,45,4
412,64,4
412,71,1
413,0,5
413,1,1
413,2,2
413,3,2
413,6,4
413,8,2
413,36,4
413,45,5
413,64,1
413,71,4
414,0,2
414,1,4
414,2,5
414,3,2
414,6,2
414,8,2
414,36,1
414,45,2
414,64,1
414,71,2
416,0,2
416,1,0
416,3,4
416,4,0
416,6,0
416,8,4
416,20,1
416,21,1
416,24,1
416,49,1
417,0,0
417,1,0
417,3,0
417,4,0
417,6,0
417,8,0
417,20,0
417,21,0
417,24,1
417,49,0
418,0,4
418,1,5
418,3,4
418,4,1
418,6,1
418,8,5
418,20,4
418,21,3
418,24,4
418,49,4
420,0,1
420,1,1
420,3,3
420,4,4
420,6,5
420,8,4
420,14,0
420,20,4
420,25,1
420,53,3
422,0,4
422,1,4
422,3,4
422,4,5
422,6,4
422,8,4
422,14,1
422,20,2
422,25,4
422,53,4
423,0,4
423,1,4
423,3,4
423,4,4
423,6,1
423,8,4
423,14,4
423,20,4
423,25,4
423,53,4
425,1,3
425,2,1
425,3,3
425,4,3
425,6,3
425,8,3
425,20,5
425,21,3
425,24,3
425,25,5
426,1,1
426,2,4
426,3,4
426,4,4
426,6,1
426,8,4
426,20,4
426,21,4
426,24,4
426,25,4
427,1,0
427,2,1
427,3,2
427,4,4
427,6,4
427,8,0
427,20,1
427,21,4
427,24,2
427,25,4
428,1,4
428,3,4
428,6,4
428,8,4
428,12,4
428,13,4
428,14,4
428,23,4
428,36,4
428,40,4
429,1,1
429,3,4
429,6,5
429,8,5
429,12,5
429,13,3
429,14,0
429,23,5
429,36,5
429,40,1
430,1,4
430,3,4
430,6,4
430,8,4
430,12,4
430,13,4
430,14,4
430,23,4
430,36,4
430,40,4
431,1,4
431,3,4
431,6,4
431,8,4
431,12,4
431,13,4
431,14,4
431,23,4
431,36,4
431,40,4
432,0,0
432,1,0
432,2,0
432,4,0
432,6,0
432,7,1
432,8,0
432,12,0
432,13,0
432,25,0
434,0,2
434,1,4
434,2,1
434,4,5
434,6,0
434,7,4
434,8,1
434,12,1
434,13,1
434,25,5
440,1,0
440,3,0
440,4,0
440,6,0
440,8,0
440,12,5
440,14,0
440,15,0
440,23,0
440,35,0
441,1,3
441,3,4
441,4,4
441,6,4
441,8,4
441,12,4
441,14,4
441,15,4
441,23,4
441,35,4
444,1,4
444,2,0
444,3,2
444,6,2
444,8,2
444,12,2
444,14,2
444,26,5
444,40,1
444,47,2
445,1,3
445,2,3
445,3,3
445,6,3
445,8,3
445,12,3
445,14,3
445,26,3
445,40,3
445,47,3
447,1,0
447,2,0
447,3,0
447,6,0
447,8,0
447,12,0
447,14,0
447,26,0
447,40,0
447,47,0
448,0,0
448,1,5
448,3,4
448,6,3
448,8,4
448,10,4
448,14,4
448,19,4
448,36,4
448,37,0
449,0,3
449,1,3
449,3,3
449,6,3
449,8,3
449,10,3
449,14,3
449,19,3
449,36,3
449,37,1
450,0,0
450,1,0
450,3,0
450,6,0
450,8,0
450,10,0
450,14,0
450,19,0
450,36,0
450,37,0
452,0,0
452,1,0
452,2,0
452,3,0
452,6,0
452,8,5
452,12,4
452,20,0
452,21,0
452,76,0
453,0,0
453,1,0
453,2,0
453,3,0
453,6,0
453,8,3
453,12,0
453,20,0
453,21,0
453,76,5
454,0,0
454,1,0
454,2,0
454,3,0
454,6,0
454,8,0
454,12,1
454,20,0
454,21,0
454,76,0
455,0,0
455,1,0
455,2,0
455,3,0
455,6,0
455,8,0
455,12,0
455,20,0
455,21,0
455,76,0
457,0,0
457,1,0
457,3,0
457,4,0
457,6,0
457,16,0
457,20,0
457,21,0
457,43,0
457,48,0
458,0,0
458,1,0
458,3,1
458,4,0
458,6,2
458,16,2
458,20,5
458,21,4
458,43,5
458,48,1
459,0,3
459,1,3
459,3,3
459,4,3
459,6,3
459,16,3
459,20,4
459,21,3
459,43,3
459,48,5
460,0,0
460,1,0
460,3,0
460,4,0
460,6,0
460,10,0
460,20,0
460,23,0
460,45,0
460,65,0
461,0,4
461,1,3
461,3,2
461,4,3
461,6,4
461,10,1
461,20,5
461,23,1
461,45,4
461,65,5
463,0,0
463,1,4
463,3,0
463,4,5
463,6,0
463,10,5
463,20,0
463,23,0
463,45,0
463,65,3
466,0,0
466,1,5
466,3,3
466,4,0
466,6,5
466,8,5
466,16,5
466,19,1
466,20,0
466,29,1
467,0,0
467,1,0
467,3,0
467,4,0
467,6,0
467,8,0
467,16,0
467,19,0
467,20,0
467,29,0
468,0,4
468,1,1
468,3,4
468,4,4
468,6,4
468,14,4
468,20,1
468,23,4
468,25,4
468,40,4
469,0,3
469,1,3
469,3,3
469,4,3
469,6,3
469,14,3
469,20,5
469,23,1
469,25,1
469,40,3
470,0,4
470,1,1
470,3,4
470,4,4
470,6,4
470,14,4
470,20,4
470,23,4
470,25,4
470,40,4
471,0,3
471,1,1
471,3,1
471,4,2
471,6,2
471,14,4
471,20,2
471,23,2
471,25,5
471,40,0
472,0,5
472,1,4
472,2,4
472,3,4
472,4,4
472,6,4
472,8,2
472,10,4
472,13,4
472,20,1
473,0,3
473,1,1
473,2,1
473,3,3
473,4,3
473,6,0
473,8,5
473,10,0
473,13,3
473,20,0
474,0,4
474,1,4
474,2,4
474,3,4
474,4,4
474,6,4
474,8,4
474,10,4
474,13,4
474,20,4
475,0,3
475,1,5
475,2,4
475,3,0
475,4,3
475,6,4
475,8,4
475,10,4
475,13,3
475,20,5
478,0,1
478,1,3
478,3,1
478,4,5
478,6,1
478,7,3
478,8,3
478,12,4
478,20,3
478,35,1
483,0,1
483,1,3
483,3,3
483,4,0
483,6,1
483,8,2
483,9,1
483,24,5
483,27,5
483,48,5
488,0,0
488,1,0
488,2,0
488,3,0
488,4,0
488,6,0
488,7,0
488,20,0
488,21,0
488,72,0
489,0,0
489,1,0
489,2,0
489,3,0
489,4,0
489,6,0
489,7,2
489,20,0
489,21,0
489,72,0
490,0,4
490,1,2
490,2,1
490,3,0
490,4,0
490,6,4
490,7,4
490,20,1
490,21,4
490,72,4
491,0,4
491,1,1
491,2,4
491,3,4
491,4,4
491,6,1
491,7,4
491,20,4
491,21,4
491,72,4
497,0,4
497,1,4
497,2,5
497,3,2
497,6,4
497,8,4
497,12,0
497,20,0
497,21,4
497,43,1
499,0,3
499,1,3
499,2,1
499,3,3
499,6,3
499,8,5
499,12,1
499,20,3
499,21,2
499,43,1
500,0,4
500,1,4
500,2,4
500,6,0
500,8,1
500,9,4
500,12,4
500,13,4
500,14,4
500,25,4
501,0,0
501,1,0
501,2,0
501,6,0
501,8,0
501,9,0
501,12,0
501,13,0
501,14,0
501,25,0
506,0,4
506,1,4
506,3,4
506,6,4
506,8,4
506,9,4
506,10,0
506,12,4
506,19,4
506,26,4
508,0,0
508,1,0
508,3,0
508,6,0
508,8,0
508,14,0
508,20,0
508,21,0
508,36,0
508,44,4
511,0,3
511,1,3
511,3,3
511,6,3
511,8,1
511,14,3
511,20,3
511,21,3
511,36,1
511,44,5
512,1,4
512,3,5
512,5,4
512,6,4
512,8,4
512,12,4
512,30,5
512,33,3
512,40,3
512,77,1
513,1,3
513,3,4
513,5,2
513,6,5
513,8,5
513,12,4
513,30,4
513,33,4
513,40,4
513,77,4
514,1,4
514,3,0
514,5,2
514,6,3
514,8,5
514,12,5
514,30,2
514,33,2
514,40,0
514,77,5
516,0,3
516,1,3
516,2,4
516,3,3
516,4,5
516,6,1
516,12,4
516,51,5
516,59,5
516,78,4
517,0,4
517,1,4
517,2,4
517,3,4
517,4,4
517,6,4
517,12,4
517,51,4
517,59,4
517,78,1
519,0,0
519,1,0
519,2,0
519,3,0
519,4,0
519,6,0
519,12,0
519,51,0
519,59,0
519,78,3
521,1,0
521,2,0
521,3,0
521,4,0
521,6,0
521,8,0
521,9,0
521,16,0
521,79,0
521,80,0
522,1,0
522,2,5
522,3,3
522,4,1
522,6,3
522,8,0
522,9,0
522,16,5
522,79,0
522,80,1
523,1,3
523,2,3
523,3,3
523,4,1
523,6,4
523,8,3
523,9,5
523,16,1
523,79,0
523,80,4
527,1,5
527,4,3
527,5,4
527,6,2
527,8,3
527,10,3
527,12,5
527,14,3
527,16,0
527,25,1
533,0,0
533,1,0
533,3,0
533,4,0
533,6,0
533,8,0
533,13,0
533,20,0
533,25,0
533,78,0
534,0,3
534,1,0
534,3,4
534,4,1
534,6,1
534,8,0
534,13,4
534,20,4
534,25,4
534,78,0
536,0,0
536,1,0
536,2,0
536,3,0
536,4,0
536,6,0
536,7,0
536,8,0
536,20,0
536,25,5
537,0,1
537,1,2
537,2,5
537,3,4
537,4,1
537,6,4
537,7,4
537,8,4
537,20,4
537,25,0
538,0,0
538,1,0
538,2,0
538,3,0
538,4,0
538,6,0
538,7,0
538,8,0
538,20,0
538,25,0
542,0,0
542,1,3
542,2,5
542,3,4
542,6,0
542,8,3
542,12,4
542,16,4
542,20,2
542,25,0
543,0,5
543,1,5
543,2,2
543,3,3
543,6,5
543,8,0
543,12,1
543,16,3
543,20,5
543,25,3
544,0,0
544,1,0
544,2,0
544,3,0
544,6,0
544,8,0
544,20,0
544,27,0
544,40,0
544,60,5
547,0,4
547,1,4
547,2,3
547,3,4
547,6,4
547,8,1
547,20,4
547,27,4
547,40,4
547,60,4
548,0,4
548,3,1
548,6,1
548,8,3
548,12,4
548,14,1
548,20,0
548,21,1
548,23,3
548,54,5
550,0,5
550,3,0
550,6,4
550,8,5
550,12,1
550,14,1
550,20,4
550,21,1
550,23,5
550,54,4
551,0,4
551,3,4
551,6,4
551,8,4
551,12,4
551,14,4
551,20,2
551,21,4
551,23,4
551,54,4
555,0,1
555,1,1
555,3,1
555,4,1
555,6,1
555,8,1
555,11,1
555,14,1
555,26,1
555,37,1
556,0,0
556,1,0
556,2,0
556,3,0
556,5,0
556,6,0
556,8,0
556,12,0
556,50,0
556,74,0
557,0,0
557,1,0
557,2,0
557,3,0
557,5,0
557,6,0
557,8,0
557,12,0
557,50,0
557,74,0
558,0,4
558,1,4
558,2,4
558,3,2
558,5,4
558,6,4
558,8,4
558,12,4
558,50,4
558,74,4
559,0,3
559,1,3
559,2,3
559,3,3
559,5,3
559,6,3
559,8,3
559,12,1
559,50,3
559,74,3
560,0,0
560,1,0
560,2,5
560,3,0
560,4,0
560,6,0
560,8,0
560,9,0
560,47,0
560,48,0
561,0,4
561,1,4
561,2,4
561,3,4
561,4,3
561,6,4
561,8,4
561,9,4
561,47,4
561,48,4
562,0,1
562,1,0
562,2,4
562,3,1
562,4,2
562,6,2
562,8,2
562,9,2
562,47,0
562,48,0
564,0,0
564,1,0
564,2,0
564,3,0
564,4,0
564,6,0
564,8,0
564,12,0
564,20,1
564,58,0
566,0,0
566,1,0
566,2,0
566,3,0
566,4,0
566,6,0
566,8,0
566,12,0
566,20,0
566,58,0
567,0,3
567,1,1
567,2,5
567,3,4
567,4,5
567,6,1
567,8,5
567,12,1
567,20,4
567,58,1
570,0,0
570,1,0
570,3,0
570,4,0
570,6,0
570,8,0
570,14,0
570,20,0
570,23,0
570,56,0
571,0,2
571,1,5
571,3,2
571,4,2
571,6,2
571,8,4
571,14,1
571,20,2
571,23,2
571,56,2
572,0,0
572,1,2
572,3,4
572,4,4
572,6,1
572,8,4
572,12,4
572,14,4
572,51,4
572,81,4
573,0,0
573,1,0
573,3,0
573,4,0
573,6,0
573,8,0
573,12,0
573,14,0
573,51,0
573,81,0
575,0,1
575,1,0
575,3,2
575,4,4
575,6,0
575,8,4
575,12,0
575,14,0
575,51,4
575,81,4
576,0,3
576,1,4
576,2,4
576,4,4
576,6,4
576,8,2
576,12,4
576,15,4
576,16,3
576,20,4
581,0,0
581,1,0
581,2,0
581,3,0
581,6,0
581,12,0
581,19,0
581,20,0
581,24,0
581,49,0
582,0,5
582,1,2
582,2,5
582,3,0
582,6,2
582,12,5
582,19,1
582,20,2
582,24,0
582,49,3
583,0,3
583,1,3
583,2,4
583,3,5
583,6,5
583,12,1
583,19,3
583,20,3
583,24,4
583,49,3
584,1,5
584,3,2
584,6,2
584,10,0
584,13,2
584,25,5
584,36,0
584,38,2
584,45,1
584,50,2
585,1,4
585,3,2
585,6,4
585,10,4
585,13,4
585,25,4
585,36,4
585,38,4
585,45,4
585,50,4
586,1,3
586,3,1
586,6,0
586,10,3
586,13,4
586,25,5
586,36,4
586,38,3
586,45,3
586,50,1
589,0,0
589,1,5
589,2,0
589,3,0
589,6,0
589,7,0
589,8,0
589,12,5
589,18,0
589,20,0
590,0,0
590,1,4
590,2,3
590,3,5
590,6,3
590,7,4
590,8,1
590,12,5
590,18,3
590,20,4
592,0,5
592,1,2
592,2,1
592,3,0
592,4,3
592,6,5
592,8,5
592,9,5
592,12,5
592,23,3
594,0,3
594,1,4
594,2,4
594,3,4
594,4,4
594,6,4
594,8,4
594,9,4
594,12,4
594,23,1
595,0,4
595,1,4
595,2,4
595,3,4
595,4,4
595,6,4
595,8,4
595,9,4
595,12,4
595,23,4
597,0,1
597,1,0
597,3,0
597,6,0
597,8,0
597,12,0
597,13,0
597,14,0
597,43,0
597,57,0
599,0,4
599,1,0
599,3,0
599,6,0
599,8,0
599,12,0
599,13,0
599,14,0
599,43,3
599,57,0
600,1,4
600,3,4
600,4,3
600,6,1
600,7,4
600,8,4
600,9,4
600,12,4
600,25,4
600,33,1
601,1,0
601,3,3
601,4,1
601,6,5
601,7,1
601,8,3
601,9,1
601,12,2
601,25,5
601,33,5
606,0,4
606,1,4
606,3,4
606,4,4
606,6,4
606,8,4
606,12,4
606,15,4
606,25,0
606,30,4
607,0,4
607,1,4
607,3,4
607,4,4
607,6,4
607,8,4
607,12,4
607,15,4
607,25,4
607,30,4
608,1,0
608,3,4
608,6,1
608,7,4
608,8,4
608,12,4
608,13,3
608,14,4
608,20,4
608,36,4
610,1,3
610,3,3
610,6,3
610,7,3
610,8,3
610,12,1
610,13,3
610,14,3
610,20,3
610,36,3
612,0,5
612,1,5
612,4,2
612,6,5
612,10,4
612,12,0
612,15,5
612,18,0
612,32,5
612,82,3
613,0,3
613,1,3
613,4,1
613,6,3
613,10,1
613,12,4
613,15,1
613,18,1
613,32,3
613,82,3
614,0,3
614,1,3
614,4,3
614,6,3
614,10,2
614,12,5
614,15,5
614,18,0
614,32,2
614,82,0
615,0,5
615,1,4
615,4,4
615,6,4
615,10,4
615,12,4
615,15,4
615,18,4
615,32,2
615,82,5
617,0,4
617,1,0
617,3,0
617,4,0
617,6,0
617,8,0
617,12,0
617,19,0
617,20,0
617,21,0
618,0,3
618,1,5
618,3,4
618,4,4
618,6,1
618,8,5
618,12,3
618,19,4
618,20,4
618,21,4
621,0,3
621,1,3
621,3,3
621,4,3
621,6,3
621,12,3
621,43,3
621,48,3
621,53,3
621,59,3
623,0,4
623,1,0
623,3,1
623,4,4
623,6,3
623,12,4
623,43,4
623,48,1
623,53,3
623,59,2
624,1,3
624,2,1
624,3,3
624,4,0
624,6,3
624,8,3
624,14,0
624,15,1
624,36,0
624,83,1
625,1,4
625,2,4
625,3,4
625,4,4
625,6,4
625,8,3
625,14,4
625,15,4
625,36,4
625,83,4
626,1,4
626,2,4
626,3,4
626,4,4
626,6,4
626,8,4
626,14,4
626,15,4
626,36,4
626,83,4
627,1,0
627,2,0
627,3,0
627,4,0
627,6,0
627,8,0
627,14,0
627,15,0
627,36,2
627,83,5
631,0,3
631,1,3
631,2,3
631,3,3
631,6,5
631,8,3
631,17,3
631,20,3
631,43,0
631,72,3
633,0,0
633,1,0
633,2,0
633,4,0
633,6,0
633,12,0
633,14,0
633,21,0
633,25,0
633,55,0
634,0,4
634,1,1
634,2,4
634,4,4
634,6,4
634,12,4
634,14,4
634,21,0
634,25,4
634,55,5
635,0,5
635,1,3
635,2,1
635,4,1
635,6,1
635,12,4
635,14,5
635,21,5
635,25,1
635,55,3
637,1,5
637,2,0
637,3,4
637,6,4
637,7,0
637,8,4
637,12,4
637,14,0
637,16,0
637,43,0
640,0,3
640,1,5
640,3,0
640,6,0
640,8,1
640,14,5
640,20,4
640,25,0
640,48,1
640,72,3
642,0,4
642,1,4
642,3,4
642,6,4
642,8,4
642,14,4
642,20,4
642,25,4
642,48,4
642,72,4
647,0,5
647,1,5
647,3,5
647,4,2
647,6,5
647,8,5
647,12,5
647,20,5
647,21,0
647,26,1
648,0,2
648,1,3
648,2,3
648,4,2
648,6,1
648,8,4
648,14,5
648,15,4
648,16,4
648,43,4
650,0,3
650,1,2
650,2,1
650,4,3
650,6,3
650,8,3
650,14,3
650,15,3
650,16,3
650,43,3
653,0,4
653,3,4
653,4,4
653,6,4
653,7,4
653,20,4
653,31,4
653,38,4
653,50,4
653,70,4
654,0,5
654,3,4
654,4,5
654,6,0
654,7,4
654,20,0
654,31,4
654,38,2
654,50,3
654,70,3
655,0,3
655,3,4
655,4,4
655,6,1
655,7,5
655,20,0
655,31,2
655,38,5
655,50,4
655,70,4
658,0,1
658,1,3
658,3,3
658,4,5
658,6,1
658,8,3
658,10,1
658,11,3
658,14,5
658,28,3
659,0,2
659,1,4
659,3,5
659,4,4
659,6,5
659,8,5
659,10,2
659,11,1
659,14,0
659,28,5
660,0,4
660,1,0
660,3,4
660,4,4
660,6,1
660,8,2
660,20,4
660,21,4
660,36,5
660,46,5
662,0,4
662,1,0
662,3,0
662,4,3
662,6,0
662,8,0
662,20,2
662,21,0
662,36,5
662,46,0
664,0,5
664,1,4
664,3,3
664,5,3
664,6,5
664,8,5
664,14,5
664,19,3
664,20,4
664,21,1
666,0,0
666,1,0
666,3,0
666,5,2
666,6,0
666,8,0
666,14,0
666,19,0
666,20,0
666,21,0
667,0,4
667,1,4
667,3,3
667,5,5
667,6,4
667,8,2
667,14,0
667,19,0
667,20,3
667,21,5
669,1,5
669,3,1
669,4,1
669,6,2
669,7,2
669,8,0
669,12,1
669,14,4
669,48,5
669,62,4
670,1,4
670,3,2
670,4,2
670,6,4
670,7,3
670,8,2
670,12,2
670,14,2
670,48,5
670,62,0
671,1,0
671,3,0
671,4,0
671,6,0
671,7,0
671,8,0
671,12,2
671,14,0
671,48,0
671,62,0
